0,0.03,6.05 
1,0.10,6.64 
2,0.05,5.16 
3,0.08,5.68 
4,0.08,4.40 
5,0.08,4.50 
6,0.06,4.08 
7,0.06,4.35 
8,0.05,2.95 
9,0.05,4.33 
10,0.05,4.98 
11,0.06,4.77 
12,0.11,3.06 
13,0.11,5.09 
14,0.05,3.68 
15,0.04,3.79 
16,0.14,2.59 
17,0.11,2.76 
18,0.09,3.76 
19,0.20,4.37 
20,0.08,4.14 
21,0.14,3.82 
22,0.16,1.89 
23,0.12,2.69 
24,0.13,3.25 
25,0.04,5.09 
26,0.07,3.88 
27,0.03,4.72 
28,0.07,5.83 
29,0.09,3.29 
30,0.04,4.85 
31,0.06,3.65 
32,0.08,5.36 
33,0.04,6.04 
34,0.02,6.85 
35,0.01,5.41 
36,0.02,7.35 
37,0.03,4.70 
38,0.01,6.77 
39,0.05,6.20 
40,0.05,6.16 
41,0.06,7.23 
42,0.04,6.24 
43,0.02,7.63 
44,0.28,4.47 
45,0.08,3.99 
46,0.09,5.70 
47,0.09,5.95 
48,0.08,5.47 
49,0.12,4.70 
50,0.14,3.94 
51,0.21,3.28 
52,0.12,3.55 
53,0.25,4.36 
54,0.16,2.94 
55,0.19,3.72 
56,0.15,3.29 
57,0.18,3.34 
58,0.13,4.22 
59,0.13,3.69 
60,0.20,3.24 
61,0.15,3.69 
62,0.15,3.67 
63,0.12,3.70 
64,0.15,3.75 
65,0.12,3.81 
66,0.11,3.75 
67,0.17,2.38 
68,0.13,2.97 
69,0.15,3.65 
70,0.10,3.70 
71,0.14,4.72 
72,0.07,4.17 
73,0.04,7.04 
74,0.05,6.54 
75,0.09,7.26 
76,0.08,5.44 
77,0.08,4.97 
78,0.10,5.21 
79,0.13,6.33 
80,0.09,3.64 
81,0.08,5.27 
82,0.11,3.99 
83,0.09,6.12 
84,0.06,5.87 
85,0.08,3.76 
86,0.07,5.28 
87,0.11,4.44 
88,0.04,6.04 
89,0.09,4.82 
90,0.10,6.35 
91,0.04,5.49 
92,0.11,3.92 
93,0.11,3.54 
94,0.10,3.89 
95,0.14,3.86 
96,0.12,4.11 
97,0.10,4.16 
98,0.16,5.12 
99,0.16,2.82 
100,0.12,5.11 
101,0.13,4.99 
102,0.09,5.64 
103,0.12,4.22 
104,0.18,4.82 
105,0.14,2.87 
106,0.09,5.52 
107,0.11,3.54 
108,0.07,5.26 
109,0.10,4.16 
110,0.06,6.21 
111,0.06,6.42 
112,0.06,5.86 
113,0.05,7.15 
114,0.07,3.76 
115,0.06,7.64 
116,0.17,3.49 
117,0.12,6.24 
118,0.07,4.83 
119,0.13,4.28 
120,0.08,5.20 
121,0.08,5.11 
122,0.05,4.31 
123,0.12,4.68 
124,0.09,4.62 
125,0.12,3.43 
126,0.21,2.87 
127,0.14,4.74 
128,0.13,3.64 
129,0.14,3.52 
130,0.15,3.19 
131,0.09,4.59 
132,0.08,4.31 
133,0.09,4.97 
134,0.22,2.71 
135,0.10,4.97 
136,0.08,5.22 
137,0.06,4.73 
138,0.07,5.37 
139,0.07,3.72 
140,0.09,4.40 
141,0.13,3.86 
142,0.18,3.80 
143,0.15,3.70 
144,0.11,4.80 
145,0.14,4.12 
146,0.10,4.13 
147,0.12,4.63 
148,0.10,4.13 
149,0.12,5.43 
150,0.07,5.09 
151,0.15,3.75 
152,0.10,4.13 
153,0.10,5.05 
154,0.12,5.73 
155,0.08,4.37 
156,0.13,5.00 
157,0.14,4.48 
158,0.12,4.32 
159,0.14,4.93 
160,0.10,4.49 
161,0.15,3.53 
162,0.15,4.47 
163,0.18,5.40 
164,0.08,4.57 
165,0.11,4.51 
166,0.17,4.50 
167,0.12,3.92 
168,0.15,3.61 
169,0.16,3.16 
170,0.14,4.21 
171,0.31,2.06 
172,0.16,3.31 
173,0.18,3.99 
174,0.15,3.61 
175,0.17,3.82 
176,0.14,3.96 
177,0.16,2.82 
178,0.14,3.48 
179,0.15,2.67 
180,0.18,3.45 
181,0.24,2.93 
182,0.15,2.78 
183,0.22,4.35 
184,0.16,4.08 
185,0.14,3.51 
186,0.15,3.63 
187,0.18,2.85 
188,0.21,3.54 
189,0.18,3.68 
190,0.16,3.65 
191,0.28,1.81 
192,0.19,4.32 
193,0.10,3.46 
194,0.15,3.44 
195,0.12,4.20 
196,0.14,3.99 
197,0.19,2.33 
198,0.14,3.41 
199,0.18,3.42 
200,0.20,2.91 
201,0.19,3.70 
202,0.24,2.91 
203,0.15,3.53 
204,0.17,3.92 
205,0.15,3.22 
206,0.19,2.89 
207,0.21,3.28 
208,0.20,2.52 
209,0.17,3.75 
210,0.19,3.27 
211,0.22,2.78 
212,0.24,3.01 
213,0.18,3.78 
214,0.19,3.36 
215,0.19,2.70 
216,0.15,3.57 
217,0.29,1.92 
218,0.14,4.28 
219,0.22,2.53 
220,0.24,3.61 
221,0.18,2.14 
222,0.16,3.77 
223,0.22,2.05 
224,0.15,3.48 
225,0.21,3.45 
226,0.28,3.31 
227,0.14,3.97 
228,0.12,5.16 
229,0.14,4.68 
230,0.15,4.43 
231,0.17,3.34 
232,0.16,3.79 
233,0.15,3.80 
234,0.20,4.46 
235,0.27,2.39 
236,0.22,3.29 
237,0.24,2.98 
238,0.23,3.99 
239,0.12,4.64 
240,0.18,3.47 
241,0.30,1.63 
242,0.10,4.44 
243,0.11,4.20 
244,0.09,4.81 
245,0.17,3.88 
246,0.18,3.70 
247,0.15,3.67 
248,0.12,4.17 
249,0.23,2.23 
250,0.18,3.37 
251,0.17,3.04 
252,0.19,3.77 
253,0.11,3.43 
254,0.17,4.62 
255,0.12,4.20 
256,0.12,3.54 
257,0.13,2.79 
258,0.12,4.35 
259,0.11,4.54 
260,0.10,5.02 
261,0.08,4.42 
262,0.10,5.19 
263,0.16,5.26 
264,0.09,3.58 
265,0.19,4.41 
266,0.18,3.96 
267,0.19,2.38 
268,0.17,4.18 
269,0.21,2.00 
270,0.22,2.87 
271,0.18,4.40 
272,0.15,3.53 
273,0.15,6.61 
274,0.25,3.31 
275,0.12,4.73 
276,0.13,5.58 
277,0.35,1.85 
278,0.18,3.98 
279,0.18,3.06 
280,0.15,3.24 
281,0.18,3.27 
282,0.14,2.90 
283,0.20,3.81 
284,0.16,5.18 
285,0.21,2.75 
286,0.15,3.91 
287,0.13,4.91 
288,0.11,3.86 
289,0.12,4.24 
290,0.13,3.80 
291,0.16,5.32 
292,0.14,3.57 
293,0.10,4.27 
294,0.20,2.85 
295,0.13,5.22 
296,0.22,2.16 
297,0.14,3.60 
298,0.19,3.49 
299,0.16,3.88 
300,0.14,4.42 
301,0.16,2.96 
302,0.17,2.85 
303,0.13,4.36 
304,0.14,3.78 
305,0.15,4.65 
306,0.14,3.00 
307,0.14,4.35 
308,0.16,3.14 
309,0.15,4.05 
310,0.12,4.06 
311,0.16,4.61 
312,0.16,4.14 
313,0.15,4.13 
314,0.09,5.79 
315,0.27,2.73 
316,0.18,4.23 
317,0.33,1.86 
318,0.17,4.77 
319,0.11,3.96 
320,0.24,4.92 
321,0.33,1.85 
322,0.14,5.68 
323,0.30,2.11 
324,0.17,2.50 
325,0.16,2.61 
326,0.21,5.06 
327,0.17,3.12 
328,0.16,3.12 
329,0.17,3.63 
330,0.18,4.03 
331,0.13,3.21 
332,0.17,3.85 
333,0.16,3.28 
334,0.15,4.04 
335,0.20,3.62 
336,0.14,4.12 
337,0.16,3.37 
338,0.10,3.54 
339,0.16,4.55 
340,0.12,4.85 
341,0.18,3.62 
342,0.13,4.33 
343,0.15,4.50 
344,0.17,3.31 
345,0.14,3.95 
346,0.13,4.16 
347,0.34,2.08 
348,0.19,3.74 
349,0.19,4.13 
350,0.15,3.57 
351,0.22,4.02 
352,0.21,2.10 
353,0.14,3.48 
354,0.16,3.77 
355,0.15,3.28 
356,0.17,3.18 
357,0.15,4.12 
358,0.20,3.08 
359,0.13,3.68 
360,0.15,3.56 
361,0.18,3.08 
362,0.21,3.79 
363,0.18,2.81 
364,0.20,3.33 
365,0.15,4.01 
366,0.17,2.87 
367,0.13,3.39 
368,0.13,4.20 
369,0.14,3.83 
370,0.18,3.86 
371,0.13,4.20 
372,0.11,4.08 
373,0.16,3.34 
374,0.14,2.91 
375,0.20,2.57 
376,0.18,3.50 
377,0.20,3.58 
378,0.22,4.27 
379,0.18,3.34 
380,0.16,3.44 
381,0.18,2.60 
382,0.14,3.68 
383,0.21,2.99 
384,0.18,3.57 
385,0.22,2.16 
386,0.11,4.72 
387,0.36,1.78 
388,0.20,3.93 
389,0.40,1.46 
390,0.18,2.57 
391,0.21,3.45 
392,0.21,3.27 
393,0.16,2.63 
394,0.18,3.34 
395,0.23,3.33 
396,0.17,2.97 
397,0.19,2.94 
398,0.20,2.73 
399,0.22,2.59 
400,0.14,3.42 
401,0.22,1.97 
402,0.17,4.44 
403,0.15,4.64 
404,0.40,1.95 
405,0.18,3.06 
406,0.16,3.58 
407,0.10,4.12 
408,0.14,3.64 
409,0.18,4.65 
410,0.20,2.88 
411,0.12,3.06 
412,0.12,3.63 
413,0.14,3.90 
414,0.16,4.47 
415,0.26,2.17 
416,0.17,2.83 
417,0.15,3.24 
418,0.18,3.73 
419,0.15,3.23 
420,0.16,4.42 
421,0.17,4.16 
422,0.20,3.84 
423,0.10,5.12 
424,0.11,4.12 
425,0.12,3.36 
426,0.16,5.03 
427,0.22,3.36 
428,0.13,3.73 
429,0.17,3.62 
430,0.11,3.12 
431,0.13,3.97 
432,0.19,3.53 
433,0.16,5.37 
434,0.26,2.56 
435,0.15,4.11 
436,0.37,1.49 
437,0.19,2.96 
438,0.18,3.71 
439,0.12,4.28 
440,0.20,4.04 
441,0.14,3.80 
442,0.20,3.55 
443,0.34,1.82 
444,0.17,4.76 
445,0.35,1.39 
446,0.20,2.95 
447,0.23,3.24 
448,0.20,3.74 
449,0.24,3.01 
450,0.15,3.93 
451,0.20,3.14 
452,0.19,3.20 
453,0.21,3.19 
454,0.12,4.14 
455,0.27,2.30 
456,0.15,2.91 
457,0.19,2.34 
458,0.18,1.83 
459,0.14,3.49 
460,0.20,3.07 
461,0.16,2.99 
462,0.26,2.43 
463,0.15,4.05 
464,0.18,2.79 
465,0.11,4.98 
466,0.18,3.66 
467,0.12,3.19 
468,0.19,1.82 
469,0.18,3.70 
470,0.29,3.31 
471,0.11,3.99 
472,0.17,3.30 
473,0.13,2.69 
474,0.19,2.90 
475,0.20,2.32 
476,0.16,3.48 
477,0.19,2.42 
478,0.19,3.74 
479,0.19,2.65 
480,0.16,3.13 
481,0.20,3.45 
482,0.25,3.03 
483,0.20,3.38 
484,0.17,3.63 
485,0.16,3.36 
486,0.13,3.96 
487,0.13,4.47 
488,0.61,1.10 
489,0.26,3.30 
490,0.28,1.71 
491,0.19,3.79 
492,0.18,3.19 
493,0.14,2.87 
494,0.24,3.34 
495,0.24,2.44 
496,0.14,4.42 
497,0.16,2.83 
498,0.17,2.82 
499,0.18,1.69 
500,0.14,2.93 
501,0.17,2.08 
502,0.19,2.57 
503,0.19,2.20 
504,0.21,3.12 
505,0.19,3.06 
506,0.14,3.86 
507,0.18,3.36 
508,0.18,3.23 
509,0.20,3.05 
510,0.18,3.01 
511,0.19,2.41 
512,0.13,3.60 
513,0.34,1.81 
514,0.16,2.87 
515,0.21,3.16 
516,0.20,5.10 
517,0.41,1.52 
518,0.16,2.77 
519,0.13,2.69 
520,0.17,3.67 
521,0.14,3.72 
522,0.19,3.32 
523,0.30,1.69 
524,0.14,4.96 
525,0.40,1.67 
526,0.18,3.81 
527,0.13,4.82 
528,0.41,1.22 
529,0.23,2.94 
530,0.23,1.86 
531,0.20,2.16 
532,0.19,2.86 
533,0.17,3.22 
534,0.22,3.54 
535,0.12,3.91 
536,0.24,3.61 
537,0.19,2.94 
538,0.18,3.34 
539,0.13,3.21 
540,0.21,2.93 
541,0.29,1.90 
542,0.20,4.27 
543,0.47,1.78 
544,0.16,2.91 
545,0.16,4.49 
546,0.33,2.45 
547,0.18,3.70 
548,0.19,2.73 
549,0.39,1.86 
550,0.30,3.14 
551,0.24,3.46 
552,0.22,3.33 
553,0.13,3.48 
554,0.17,3.91 
555,0.17,3.68 
556,0.13,4.67 
557,0.16,3.60 
558,0.13,4.36 
559,0.47,1.11 
560,0.24,3.50 
561,0.16,3.81 
562,0.22,3.87 
563,0.16,3.93 
564,0.12,3.77 
565,0.19,4.32 
566,0.12,4.45 
567,0.21,4.67 
568,0.21,2.98 
569,0.24,3.05 
570,0.32,2.38 
571,0.14,3.08 
572,0.21,3.27 
573,0.15,4.33 
574,0.20,3.88 
575,0.27,2.36 
576,0.16,3.13 
577,0.35,1.74 
578,0.19,2.13 
579,0.24,4.04 
580,0.15,3.71 
581,0.34,1.99 
582,0.18,2.52 
583,0.19,2.87 
584,0.17,3.46 
585,0.24,2.85 
586,0.21,2.13 
587,0.23,1.91 
588,0.18,3.76 
589,0.15,3.72 
590,0.34,1.87 
591,0.23,3.54 
592,0.17,2.45 
593,0.24,2.62 
594,0.25,2.64 
595,0.22,2.05 
596,0.21,4.21 
597,0.26,2.06 
598,0.20,3.80 
599,0.23,2.60 
600,0.19,3.41 
601,0.24,2.71 
602,0.19,3.14 
603,0.18,3.50 
604,0.15,3.41 
605,0.33,2.10 
606,0.22,4.15 
607,0.44,1.09 
608,0.28,3.57 
609,0.21,3.82 
610,0.23,2.68 
611,0.16,4.78 
612,0.18,3.09 
613,0.14,4.04 
614,0.32,2.84 
615,0.14,3.68 
616,0.17,2.39 
617,0.15,2.34 
618,0.23,2.06 
619,0.28,2.90 
620,0.19,3.88 
621,0.20,3.15 
622,0.20,3.18 
623,0.18,2.20 
624,0.18,3.43 
625,0.22,2.93 
626,0.18,3.59 
627,0.19,3.43 
628,0.11,4.89 
629,0.37,2.08 
630,0.15,2.89 
631,0.16,2.45 
632,0.26,1.93 
633,0.17,4.09 
634,0.14,3.09 
635,0.23,2.04 
636,0.22,1.93 
637,0.20,2.17 
638,0.27,1.63 
639,0.19,3.07 
640,0.17,3.11 
641,0.17,3.38 
642,0.18,3.86 
643,0.13,4.28 
644,0.24,3.36 
645,0.16,4.04 
646,0.20,3.69 
647,0.22,2.81 
648,0.22,3.08 
649,0.25,2.46 
650,0.29,2.47 
651,0.25,2.50 
652,0.17,4.37 
653,0.22,3.88 
654,0.17,4.80 
655,0.23,2.08 
656,0.12,4.30 
657,0.14,4.10 
658,0.13,2.58 
659,0.19,2.95 
660,0.17,3.99 
661,0.15,3.75 
662,0.26,2.51 
663,0.21,4.65 
664,0.16,3.08 
665,0.25,2.22 
666,0.11,4.05 
667,0.17,4.33 
668,0.23,2.47 
669,0.13,2.73 
670,0.16,3.16 
671,0.17,2.97 
672,0.19,3.45 
673,0.33,1.81 
674,0.19,3.59 
675,0.15,3.00 
676,0.19,2.19 
677,0.17,3.68 
678,0.20,3.35 
679,0.16,3.98 
680,0.16,3.32 
681,0.22,2.95 
682,0.20,2.71 
683,0.20,2.62 
684,0.26,4.16 
685,0.15,4.10 
686,0.17,4.39 
687,0.23,1.70 
688,0.15,2.59 
689,0.17,2.98 
690,0.29,2.71 
691,0.16,3.62 
692,0.26,3.18 
693,0.23,2.95 
694,0.15,3.21 
695,0.18,4.10 
696,0.17,3.99 
697,0.15,5.29 
698,0.23,2.72 
699,0.20,4.05 
700,0.32,2.19 
701,0.14,3.64 
702,0.22,2.82 
703,0.15,3.11 
704,0.14,3.12 
705,0.24,2.78 
706,0.10,4.90 
707,0.20,2.39 
708,0.13,3.52 
709,0.19,3.45 
710,0.16,3.31 
711,0.12,3.29 
712,0.16,3.04 
713,0.14,3.90 
714,0.17,3.10 
715,0.14,3.11 
716,0.24,4.94 
717,0.20,4.54 
718,0.17,3.91 
719,0.10,3.45 
720,0.18,2.78 
721,0.22,1.86 
722,0.17,4.64 
723,0.12,4.09 
724,0.30,1.77 
725,0.17,2.99 
726,0.21,4.02 
727,0.17,4.53 
728,0.17,4.48 
729,0.15,2.26 
730,0.14,4.02 
731,0.16,4.41 
732,0.25,3.95 
733,0.25,3.14 
734,0.16,3.05 
735,0.19,3.79 
736,0.19,3.11 
737,0.23,2.82 
738,0.15,3.28 
739,0.18,2.83 
740,0.36,2.26 
741,0.20,3.44 
742,0.15,2.89 
743,0.13,3.49 
744,0.13,3.01 
745,0.12,4.44 
746,0.17,2.84 
747,0.15,5.25 
748,0.17,4.26 
749,0.13,4.19 
750,0.18,3.04 
751,0.16,3.98 
752,0.18,4.51 
753,0.27,2.57 
754,0.21,3.79 
755,0.20,2.55 
756,0.19,3.50 
757,0.20,3.03 
758,0.18,4.58 
759,0.16,4.09 
760,0.16,2.72 
761,0.15,3.38 
762,0.17,2.37 
763,0.15,3.44 
764,0.16,3.57 
765,0.19,3.49 
766,0.17,3.93 
767,0.19,3.60 
768,0.21,3.64 
769,0.15,3.06 
770,0.23,3.56 
771,0.13,3.22 
772,0.14,5.74 
773,0.11,4.72 
774,0.13,3.59 
775,0.13,4.11 
776,0.10,5.16 
777,0.11,4.11 
778,0.22,3.54 
779,0.10,4.59 
780,0.14,3.04 
781,0.09,4.22 
782,0.22,3.29 
783,0.19,4.27 
784,0.12,3.50 
785,0.16,4.88 
786,0.15,3.22 
787,0.22,2.36 
788,0.15,3.91 
789,0.16,3.62 
790,0.15,4.91 
791,0.19,2.93 
792,0.08,5.18 
793,0.14,3.33 
794,0.14,3.85 
795,0.15,3.91 
796,0.22,4.07 
797,0.24,3.11 
798,0.11,4.09 
799,0.17,3.60 
800,0.15,4.66 
801,0.17,4.31 
802,0.32,1.99 
803,0.11,3.92 
804,0.18,4.26 
805,0.18,5.04 
806,0.23,3.62 
807,0.34,2.04 
808,0.15,3.23 
809,0.15,2.94 
810,0.12,3.22 
811,0.30,2.03 
812,0.30,3.45 
813,0.17,3.43 
814,0.22,2.14 
815,0.16,3.49 
816,0.11,3.94 
817,0.17,3.05 
818,0.08,3.92 
819,0.14,3.63 
820,0.10,4.36 
821,0.31,1.97 
822,0.19,3.53 
823,0.14,4.26 
824,0.17,2.98 
825,0.16,3.71 
826,0.19,2.61 
827,0.12,4.30 
828,0.17,3.69 
829,0.19,3.99 
830,0.24,2.83 
831,0.15,3.09 
832,0.21,3.26 
833,0.18,3.47 
834,0.21,3.84 
835,0.20,3.59 
836,0.19,5.31 
837,0.43,1.81 
838,0.14,3.59 
839,0.16,3.60 
840,0.11,3.97 
841,0.14,3.84 
842,0.18,3.11 
843,0.17,3.68 
844,0.13,3.57 
845,0.24,3.86 
846,0.13,3.91 
847,0.22,3.13 
848,0.15,4.11 
849,0.17,2.61 
850,0.21,3.13 
851,0.16,3.26 
852,0.15,3.30 
853,0.34,2.06 
854,0.21,3.16 
855,0.16,2.78 
856,0.19,3.10 
857,0.13,3.77 
858,0.32,1.80 
859,0.21,3.21 
860,0.15,3.32 
861,0.16,2.70 
862,0.12,3.21 
863,0.16,2.73 
864,0.11,3.74 
865,0.10,2.97 
866,0.11,5.09 
867,0.16,3.91 
868,0.13,4.31 
869,0.17,3.30 
870,0.22,2.82 
871,0.13,3.92 
872,0.15,2.61 
873,0.15,4.89 
874,0.13,5.35 
875,0.21,4.06 
876,0.20,2.89 
877,0.19,2.51 
878,0.14,2.49 
879,0.18,3.47 
880,0.15,3.88 
881,0.17,3.99 
882,0.12,5.00 
883,0.35,1.43 
884,0.22,3.52 
885,0.20,2.55 
886,0.19,2.80 
887,0.15,3.56 
888,0.24,1.57 
889,0.19,3.31 
890,0.20,2.38 
891,0.38,3.07 
892,0.12,5.18 
893,0.32,1.90 
894,0.27,3.71 
895,0.18,3.31 
896,0.26,2.20 
897,0.16,2.77 
898,0.16,4.01 
899,0.16,2.86 
900,0.23,2.87 
901,0.20,3.71 
902,0.34,2.08 
903,0.20,3.52 
904,0.13,3.15 
905,0.29,2.16 
906,0.21,2.90 
907,0.15,3.05 
908,0.17,4.85 
909,0.18,4.05 
910,0.12,6.31 
911,0.25,2.90 
912,0.17,3.98 
913,0.20,3.41 
914,0.19,3.19 
915,0.14,4.15 
916,0.24,3.12 
917,0.20,2.30 
918,0.19,2.53 
919,0.17,3.47 
920,0.14,5.79 
921,0.33,1.84 
922,0.13,3.34 
923,0.12,3.57 
924,0.15,2.82 
925,0.10,4.28 
926,0.14,5.15 
927,0.34,1.15 
928,0.17,4.35 
929,0.21,3.99 
930,0.20,4.72 
931,0.17,4.44 
932,0.26,1.67 
933,0.18,3.44 
934,0.14,3.60 
935,0.10,4.49 
936,0.20,1.83 
937,0.20,4.09 
938,0.11,3.43 
939,0.12,3.70 
940,0.17,3.45 
941,0.13,4.01 
942,0.15,4.13 
943,0.19,3.36 
944,0.15,2.67 
945,0.24,4.06 
946,0.09,3.38 
947,0.13,3.76 
948,0.16,3.60 
949,0.20,3.52 
950,0.19,2.27 
951,0.12,4.65 
952,0.10,4.52 
953,0.21,3.19 
954,0.16,4.20 
955,0.16,4.23 
956,0.21,2.74 
957,0.16,5.09 
958,0.25,2.05 
959,0.18,3.07 
960,0.14,3.61 
961,0.13,3.94 
962,0.11,4.99 
963,0.15,3.72 
964,0.17,5.07 
965,0.13,3.84 
966,0.24,1.84 
967,0.28,3.80 
968,0.36,1.45 
969,0.17,2.21 
970,0.14,3.73 
971,0.16,3.76 
972,0.25,2.90 
973,0.20,3.77 
974,0.19,3.04 
975,0.24,2.33 
976,0.12,3.83 
977,0.22,1.86 
978,0.13,2.52 
979,0.12,3.29 
980,0.33,2.02 
981,0.14,2.96 
982,0.15,3.73 
983,0.30,2.86 
984,0.15,3.00 
985,0.12,4.02 
986,0.28,2.15 
987,0.16,3.20 
988,0.22,3.30 
989,0.12,3.83 
990,0.15,3.81 
991,0.23,2.86 
992,0.15,5.05 
993,0.31,1.85 
994,0.17,3.77 
995,0.13,3.62 
996,0.24,3.25 
997,0.14,3.53 
998,0.19,4.82 
999,0.18,4.40 
1000,0.15,3.56 
1001,0.18,2.59 
1002,0.19,2.69 
1003,0.28,1.51 
1004,0.32,3.02 
1005,0.13,3.84 
1006,0.18,3.52 
1007,0.18,2.97 
1008,0.12,3.46 
1009,0.22,3.53 
1010,0.17,3.73 
1011,0.12,4.46 
1012,0.24,2.68 
1013,0.16,4.47 
1014,0.16,4.25 
1015,0.15,3.60 
1016,0.18,5.32 
1017,0.28,2.54 
1018,0.24,3.72 
1019,0.12,4.56 
1020,0.20,3.32 
1021,0.19,2.03 
1022,0.18,3.12 
1023,0.12,4.01 
1024,0.20,3.04 
1025,0.17,3.17 
1026,0.23,2.51 
1027,0.19,3.89 
1028,0.19,3.33 
1029,0.20,3.91 
1030,0.23,1.99 
1031,0.11,4.43 
1032,0.23,2.41 
1033,0.14,3.71 
1034,0.15,4.27 
1035,0.15,3.37 
1036,0.20,2.10 
1037,0.20,3.32 
1038,0.18,3.59 
1039,0.11,4.56 
1040,0.16,4.02 
1041,0.15,3.50 
1042,0.16,4.40 
1043,0.16,4.10 
1044,0.13,3.16 
1045,0.26,2.19 
1046,0.22,2.72 
1047,0.29,2.18 
1048,0.22,2.36 
1049,0.19,3.74 
1050,0.17,2.88 
1051,0.18,4.61 
1052,0.16,3.16 
1053,0.23,2.97 
1054,0.17,3.69 
1055,0.18,3.80 
1056,0.25,2.34 
1057,0.25,3.17 
1058,0.22,4.10 
1059,0.23,3.48 
1060,0.09,5.17 
1061,0.15,3.24 
1062,0.13,4.48 
1063,0.15,3.70 
1064,0.30,1.78 
1065,0.18,2.74 
1066,0.37,2.23 
1067,0.19,5.75 
1068,0.30,2.60 
1069,0.17,2.82 
1070,0.21,2.07 
1071,0.14,4.36 
1072,0.15,4.21 
1073,0.22,2.53 
1074,0.14,4.26 
1075,0.16,3.38 
1076,0.14,4.50 
1077,0.17,4.31 
1078,0.16,4.48 
1079,0.27,2.99 
1080,0.19,3.80 
1081,0.14,3.30 
1082,0.29,2.16 
1083,0.17,4.05 
1084,0.21,3.18 
1085,0.16,3.11 
1086,0.30,1.62 
1087,0.22,4.85 
1088,0.22,2.04 
1089,0.19,2.54 
1090,0.17,3.38 
1091,0.16,3.36 
1092,0.17,3.92 
1093,0.20,3.36 
1094,0.11,3.50 
1095,0.22,2.62 
1096,0.30,3.24 
1097,0.18,4.38 
1098,0.16,3.43 
1099,0.17,4.72 
1100,0.23,2.45 
1101,0.27,2.83 
1102,0.29,2.28 
1103,0.14,4.25 
1104,0.39,2.07 
1105,0.24,3.33 
1106,0.16,3.11 
1107,0.19,3.74 
1108,0.18,2.90 
1109,0.17,5.03 
1110,0.29,3.02 
1111,0.22,2.65 
1112,0.40,1.67 
1113,0.19,3.53 
1114,0.14,2.99 
1115,0.20,3.09 
1116,0.24,1.94 
1117,0.19,4.40 
1118,0.18,5.28 
1119,0.21,2.81 
1120,0.16,3.86 
1121,0.17,3.39 
1122,0.16,2.13 
1123,0.19,2.75 
1124,0.18,3.09 
1125,0.12,4.21 
1126,0.18,2.95 
1127,0.13,4.82 
1128,0.16,3.33 
1129,0.21,4.96 
1130,0.17,3.80 
1131,0.22,4.43 
1132,0.21,5.00 
1133,0.17,3.08 
1134,0.31,1.55 
1135,0.18,3.58 
1136,0.30,1.53 
1137,0.19,1.87 
1138,0.23,2.84 
1139,0.20,3.55 
1140,0.15,3.46 
1141,0.18,3.70 
1142,0.20,2.44 
1143,0.28,3.82 
1144,0.39,1.24 
1145,0.22,3.26 
1146,0.25,2.72 
1147,0.17,3.44 
1148,0.17,3.51 
1149,0.15,3.20 
1150,0.18,3.19 
1151,0.20,4.37 
1152,0.16,4.13 
1153,0.16,3.69 
1154,0.11,4.23 
1155,0.19,4.21 
1156,0.25,4.46 
1157,0.22,3.01 
1158,0.15,3.88 
1159,0.24,2.70 
1160,0.25,3.05 
1161,0.26,1.81 
1162,0.23,2.68 
1163,0.22,4.09 
1164,0.15,3.27 
1165,0.22,3.19 
1166,0.20,3.64 
1167,0.26,1.77 
1168,0.22,3.63 
1169,0.13,3.12 
1170,0.15,5.04 
1171,0.17,3.56 
1172,0.14,3.07 
1173,0.21,4.16 
1174,0.20,4.27 
1175,0.16,3.73 
1176,0.16,3.59 
1177,0.21,3.47 
1178,0.25,2.32 
1179,0.18,3.61 
1180,0.25,4.57 
1181,0.20,4.14 
1182,0.15,3.79 
1183,0.18,3.65 
1184,0.22,2.49 
1185,0.16,3.68 
1186,0.21,3.19 
1187,0.25,3.34 
1188,0.16,2.50 
1189,0.19,2.79 
1190,0.10,4.68 
1191,0.29,1.73 
1192,0.10,4.67 
1193,0.22,2.36 
1194,0.14,4.83 
1195,0.27,1.96 
1196,0.18,2.73 
1197,0.24,1.87 
1198,0.21,3.57 
1199,0.40,1.32 
1200,0.15,4.46 
1201,0.17,3.36 
1202,0.24,3.66 
1203,0.24,2.83 
1204,0.21,2.75 
1205,0.15,4.75 
1206,0.24,2.45 
1207,0.25,2.72 
1208,0.26,2.60 
1209,0.23,3.42 
1210,0.24,3.20 
1211,0.18,2.91 
1212,0.26,3.26 
1213,0.32,2.45 
1214,0.18,2.88 
1215,0.18,3.97 
1216,0.26,2.71 
1217,0.20,2.23 
1218,0.22,2.86 
1219,0.26,3.38 
1220,0.27,3.56 
1221,0.29,1.99 
1222,0.20,3.25 
1223,0.27,2.29 
1224,0.26,2.55 
1225,0.20,4.42 
1226,0.19,4.62 
1227,0.34,2.64 
1228,0.24,2.39 
1229,0.22,3.14 
1230,0.26,2.82 
1231,0.21,3.79 
1232,0.31,1.42 
1233,0.19,3.05 
1234,0.17,2.83 
1235,0.15,2.95 
1236,0.28,2.34 
1237,0.19,3.90 
1238,0.27,2.09 
1239,0.32,2.65 
1240,0.23,3.72 
1241,0.28,1.90 
1242,0.24,2.55 
1243,0.20,3.58 
1244,0.31,4.06 
1245,0.22,2.89 
1246,0.19,4.20 
1247,0.23,4.54 
1248,0.23,2.63 
1249,0.25,2.52 
1250,0.15,3.41 
1251,0.16,3.21 
1252,0.19,2.26 
1253,0.20,3.73 
1254,0.32,2.12 
1255,0.22,2.58 
1256,0.16,4.33 
1257,0.40,1.68 
1258,0.18,3.64 
1259,0.18,3.57 
1260,0.27,2.53 
1261,0.26,3.86 
1262,0.24,4.86 
1263,0.30,2.44 
1264,0.30,2.69 
1265,0.26,2.45 
1266,0.26,3.66 
1267,0.16,4.67 
1268,0.39,1.86 
1269,0.19,3.73 
1270,0.29,1.56 
1271,0.32,2.61 
1272,0.23,2.73 
1273,0.21,2.91 
1274,0.21,4.14 
1275,0.24,3.40 
1276,0.25,3.10 
1277,0.19,3.77 
1278,0.31,1.92 
1279,0.20,3.73 
1280,0.34,2.74 
1281,0.18,4.25 
1282,0.16,3.74 
1283,0.21,2.91 
1284,0.26,4.60 
1285,0.14,5.19 
1286,0.25,1.79 
1287,0.27,3.78 
1288,0.16,4.49 
1289,0.16,2.47 
1290,0.16,3.89 
1291,0.16,3.73 
1292,0.24,3.44 
1293,0.21,3.21 
1294,0.20,2.91 
1295,0.22,3.78 
1296,0.19,2.73 
1297,0.18,3.34 
1298,0.20,2.50 
1299,0.18,3.30 
1300,0.19,3.45 
1301,0.14,3.14 
1302,0.14,3.82 
1303,0.18,2.76 
1304,0.17,3.45 
1305,0.20,3.14 
1306,0.17,3.52 
1307,0.19,4.37 
1308,0.24,3.98 
1309,0.29,1.95 
1310,0.18,3.43 
1311,0.14,5.11 
1312,0.26,2.50 
1313,0.22,3.45 
1314,0.18,3.76 
1315,0.19,2.94 
1316,0.19,3.01 
1317,0.21,2.61 
1318,0.14,3.16 
1319,0.20,3.03 
1320,0.25,2.61 
1321,0.28,2.80 
1322,0.14,4.61 
1323,0.14,3.48 
1324,0.14,4.89 
1325,0.25,3.24 
1326,0.18,3.29 
1327,0.17,3.26 
1328,0.17,3.66 
1329,0.20,4.68 
1330,0.24,2.82 
1331,0.22,3.78 
1332,0.20,3.28 
1333,0.16,3.71 
1334,0.24,4.46 
1335,0.16,2.76 
1336,0.21,3.81 
1337,0.18,3.32 
1338,0.14,4.50 
1339,0.14,4.91 
1340,0.23,2.70 
1341,0.21,2.85 
1342,0.26,2.84 
1343,0.20,3.94 
1344,0.27,2.64 
1345,0.19,3.26 
1346,0.14,3.41 
1347,0.13,3.99 
1348,0.19,2.96 
1349,0.25,4.68 
1350,0.19,3.98 
1351,0.39,1.73 
1352,0.29,5.97 
1353,0.23,2.03 
1354,0.12,3.90 
1355,0.14,3.67 
1356,0.12,4.11 
1357,0.13,4.53 
1358,0.18,3.22 
1359,0.17,3.83 
1360,0.12,3.41 
1361,0.14,5.04 
1362,0.22,4.16 
1363,0.17,4.20 
1364,0.26,3.67 
1365,0.26,1.89 
1366,0.16,4.23 
1367,0.19,3.06 
1368,0.09,3.22 
1369,0.15,4.02 
1370,0.15,4.22 
1371,0.14,6.19 
1372,0.16,3.50 
1373,0.22,2.80 
1374,0.19,3.96 
1375,0.18,4.20 
1376,0.12,4.05 
1377,0.15,3.38 
1378,0.12,3.89 
1379,0.24,2.45 
1380,0.17,5.66 
1381,0.21,2.83 
1382,0.15,3.50 
1383,0.23,3.12 
1384,0.12,3.54 
1385,0.17,4.10 
1386,0.14,4.81 
1387,0.11,3.69 
1388,0.16,3.97 
1389,0.17,3.75 
1390,0.14,3.71 
1391,0.19,4.04 
1392,0.16,4.33 
1393,0.14,4.32 
1394,0.16,2.85 
1395,0.13,4.10 
1396,0.23,3.86 
1397,0.10,6.06 
1398,0.12,4.22 
1399,0.13,4.42 
1400,0.11,3.17 
1401,0.11,6.03 
1402,0.14,5.43 
1403,0.26,3.53 
1404,0.36,1.97 
1405,0.11,5.84 
1406,0.18,4.69 
1407,0.14,4.45 
1408,0.12,3.93 
1409,0.17,3.57 
1410,0.10,5.42 
1411,0.13,4.64 
1412,0.15,4.85 
1413,0.16,3.09 
1414,0.09,3.88 
1415,0.11,5.81 
1416,0.16,2.69 
1417,0.13,4.04 
1418,0.14,4.05 
1419,0.11,8.85 
1420,0.18,3.77 
1421,0.14,6.22 
1422,0.16,4.02 
1423,0.19,4.97 
1424,0.11,4.06 
1425,0.08,6.26 
1426,0.18,3.39 
1427,0.21,5.52 
1428,0.08,6.16 
1429,0.11,5.53 
1430,0.15,5.09 
1431,0.13,3.32 
1432,0.10,6.10 
1433,0.15,5.38 
1434,0.10,3.88 
1435,0.15,4.53 
1436,0.15,4.26 
1437,0.14,5.94 
1438,0.15,4.89 
1439,0.11,5.11 
1440,0.10,5.69 
1441,0.13,4.90 
1442,0.14,3.57 
1443,0.15,4.15 
1444,0.11,4.60 
1445,0.12,3.67 
1446,0.09,5.04 
1447,0.09,6.51 
1448,0.14,3.69 
1449,0.08,4.53 
1450,0.09,5.02 
1451,0.13,3.53 
1452,0.21,6.75 
1453,0.19,3.96 
1454,0.25,2.77 
1455,0.13,4.97 
1456,0.19,3.44 
1457,0.13,4.28 
1458,0.10,4.59 
1459,0.20,4.64 
1460,0.08,5.83 
1461,0.15,4.90 
1462,0.10,4.16 
1463,0.14,6.49 
1464,0.12,4.40 
1465,0.14,5.71 
1466,0.11,4.43 
1467,0.15,5.28 
1468,0.10,4.85 
1469,0.07,5.26 
1470,0.12,3.44 
1471,0.05,7.92 
1472,0.14,6.25 
1473,0.10,7.91 
1474,0.07,5.66 
1475,0.06,4.21 
1476,0.12,3.47 
1477,0.10,3.26 
1478,0.12,2.63 
1479,0.11,7.25 
1480,0.13,4.13 
1481,0.12,5.04 
1482,0.12,3.16 
1483,0.11,5.14 
1484,0.17,4.75 
1485,0.14,3.88 
1486,0.08,5.89 
1487,0.11,4.92 
1488,0.10,5.26 
1489,0.09,5.03 
1490,0.12,5.62 
1491,0.06,4.47 
1492,0.08,4.95 
1493,0.10,3.86 
1494,0.12,4.42 
1495,0.11,5.50 
1496,0.14,4.84 
1497,0.13,4.62 
1498,0.15,5.15 
1499,0.19,3.30 
1500,0.11,3.92 
1501,0.09,4.52 
1502,0.10,4.12 
1503,0.12,5.01 
1504,0.05,5.39 
1505,0.10,4.55 
1506,0.05,5.19 
1507,0.09,4.94 
1508,0.06,5.63 
1509,0.04,6.60 
1510,0.14,4.08 
1511,0.09,7.85 
1512,0.21,3.50 
1513,0.10,4.17 
1514,0.11,5.26 
1515,0.05,4.82 
1516,0.12,7.19 
1517,0.12,4.34 
1518,0.10,7.12 
1519,0.09,3.95 
1520,0.05,6.34 
1521,0.06,3.95 
1522,0.05,5.75 
1523,0.11,4.34 
1524,0.09,6.32 
1525,0.12,3.99 
1526,0.06,5.82 
1527,0.14,6.70 
1528,0.05,5.41 
1529,0.11,5.09 
1530,0.14,5.41 
1531,0.07,5.13 
1532,0.12,4.69 
1533,0.09,5.11 
1534,0.09,4.92 
1535,0.10,6.18 
1536,0.10,6.13 
1537,0.09,6.04 
1538,0.10,5.62 
1539,0.09,4.24 
1540,0.10,6.11 
1541,0.08,5.93 
1542,0.10,4.09 
1543,0.11,4.49 
1544,0.13,6.32 
1545,0.19,5.79 
1546,0.10,5.56 
1547,0.09,5.20 
1548,0.13,3.17 
1549,0.04,7.03 
1550,0.09,4.67 
1551,0.08,4.96 
1552,0.08,7.65 
1553,0.22,1.68 
1554,0.07,7.53 
1555,0.09,5.68 
1556,0.10,5.41 
1557,0.11,7.21 
1558,0.08,5.77 
1559,0.03,4.46 
1560,0.08,7.04 
1561,0.15,5.00 
1562,0.10,3.84 
1563,0.07,5.50 
1564,0.06,3.85 
1565,0.06,5.82 
1566,0.19,3.88 
1567,0.10,3.02 
1568,0.07,5.26 
1569,0.11,5.61 
1570,0.09,4.51 
1571,0.08,4.10 
1572,0.10,4.54 
1573,0.07,6.44 
1574,0.08,4.86 
1575,0.02,5.55 
1576,0.10,6.53 
1577,0.07,5.75 
1578,0.11,6.20 
1579,0.06,7.30 
1580,0.10,5.06 
1581,0.06,5.73 
1582,0.08,5.55 
1583,0.10,5.65 
1584,0.09,6.28 
1585,0.13,3.49 
1586,0.11,6.55 
1587,0.09,4.51 
1588,0.07,5.70 
1589,0.09,5.42 
1590,0.06,6.87 
1591,0.10,7.34 
1592,0.05,7.41 
1593,0.10,4.83 
1594,0.07,6.61 
1595,0.11,5.19 
1596,0.05,6.81 
1597,0.04,6.20 
1598,0.07,5.87 
1599,0.11,4.00 
1600,0.04,4.41 
1601,0.09,6.92 
1602,0.07,4.42 
1603,0.06,5.00 
1604,0.03,6.41 
1605,0.07,4.65 
1606,0.03,10.87 
1607,0.05,4.16 
1608,0.08,4.35 
1609,0.07,5.82 
1610,0.05,5.89 
1611,0.04,7.04 
1612,0.02,8.37 
1613,0.05,6.71 
1614,0.09,8.16 
1615,0.06,6.77 
1616,0.12,2.54 
1617,0.03,4.76 
1618,0.08,3.79 
1619,0.05,7.22 
1620,0.06,5.59 
1621,0.04,5.89 
1622,0.06,6.01 
1623,0.02,6.91 
1624,0.09,6.49 
1625,0.06,4.58 
1626,0.13,4.94 
1627,0.06,7.69 
1628,0.06,6.25 
1629,0.03,6.72 
1630,0.09,4.03 
1631,0.07,4.09 
1632,0.06,6.35 
1633,0.07,5.61 
1634,0.06,5.57 
1635,0.04,5.80 
1636,0.01,8.14 
1637,0.12,4.78 
1638,0.08,6.74 
1639,0.10,4.15 
1640,0.05,5.15 
1641,0.05,4.76 
1642,0.11,5.13 
1643,0.04,5.87 
1644,0.08,4.39 
1645,0.18,3.99 
1646,0.08,5.62 
1647,0.03,4.57 
1648,0.10,6.20 
1649,0.13,5.24 
1650,0.07,4.42 
1651,0.05,8.37 
1652,0.03,6.87 
1653,0.09,5.50 
1654,0.06,8.27 
1655,0.06,7.35 
1656,0.07,7.20 
1657,0.10,4.72 
1658,0.03,6.60 
1659,0.07,6.44 
1660,0.09,3.97 
1661,0.03,6.23 
1662,0.05,4.43 
1663,0.07,4.46 
1664,0.08,5.54 
1665,0.10,7.95 
1666,0.03,7.09 
1667,0.05,5.36 
1668,0.11,4.39 
1669,0.03,5.67 
1670,0.08,5.91 
1671,0.07,6.98 
1672,0.06,7.87 
1673,0.11,6.50 
1674,0.07,5.27 
1675,0.09,6.23 
1676,0.04,5.21 
1677,0.03,8.47 
1678,0.19,4.81 
1679,0.04,6.09 
1680,0.05,5.05 
1681,0.06,5.15 
1682,0.05,5.90 
1683,0.05,4.54 
1684,0.06,4.84 
1685,0.13,4.90 
1686,0.07,7.33 
1687,0.05,3.46 
1688,0.04,4.87 
1689,0.04,5.30 
1690,0.06,7.01 
1691,0.04,4.35 
1692,0.11,6.40 
1693,0.09,6.27 
1694,0.06,6.48 
1695,0.03,7.58 
1696,0.06,5.83 
1697,0.07,5.76 
1698,0.05,5.35 
1699,0.07,5.54 
1700,0.06,6.60 
1701,0.07,9.52 
1702,0.07,5.05 
1703,0.07,8.03 
1704,0.09,6.34 
1705,0.06,4.73 
1706,0.08,7.32 
1707,0.03,5.92 
1708,0.06,4.94 
1709,0.07,7.33 
1710,0.17,4.06 
1711,0.05,4.39 
1712,0.04,7.85 
1713,0.10,6.58 
1714,0.03,5.24 
1715,0.05,5.77 
1716,0.06,6.53 
1717,0.03,9.86 
1718,0.05,6.49 
1719,0.03,7.04 
1720,0.04,10.01 
1721,0.39,1.70 
1722,0.16,8.55 
1723,0.09,3.11 
1724,0.09,7.91 
1725,0.05,6.93 
1726,0.06,5.81 
1727,0.05,5.24 
1728,0.04,6.22 
1729,0.09,5.21 
1730,0.05,5.30 
1731,0.03,8.23 
1732,0.07,7.53 
1733,0.05,5.91 
1734,0.05,6.99 
1735,0.05,7.86 
1736,0.07,5.63 
1737,0.03,5.31 
1738,0.06,6.03 
1739,0.06,4.00 
1740,0.14,5.91 
1741,0.08,6.33 
1742,0.08,5.41 
1743,0.10,7.65 
1744,0.05,5.96 
1745,0.04,5.04 
1746,0.15,3.71 
1747,0.12,5.47 
1748,0.05,4.83 
1749,0.11,4.60 
1750,0.08,5.24 
1751,0.04,4.78 
1752,0.08,9.54 
1753,0.05,6.36 
1754,0.03,6.80 
1755,0.13,4.90 
1756,0.06,6.23 
1757,0.11,2.66 
1758,0.07,7.18 
1759,0.06,4.50 
1760,0.09,5.55 
1761,0.06,5.97 
1762,0.07,5.51 
1763,0.03,6.93 
1764,0.08,5.86 
1765,0.06,7.12 
1766,0.05,6.08 
1767,0.01,5.56 
1768,0.03,6.88 
1769,0.05,6.30 
1770,0.11,4.69 
1771,0.06,8.03 
1772,0.07,6.90 
1773,0.04,7.51 
1774,0.10,5.83 
1775,0.05,6.52 
1776,0.04,5.54 
1777,0.07,4.66 
1778,0.08,6.30 
1779,0.02,8.63 
1780,0.07,3.45 
1781,0.05,7.16 
1782,0.07,7.19 
1783,0.07,7.61 
1784,0.06,5.31 
1785,0.12,7.06 
1786,0.08,6.07 
1787,0.11,3.37 
1788,0.03,6.78 
1789,0.15,4.53 
1790,0.12,9.70 
1791,0.13,5.13 
1792,0.06,7.35 
1793,0.05,4.89 
1794,0.09,5.74 
1795,0.05,5.79 
1796,0.04,5.55 
1797,0.04,6.89 
1798,0.07,5.21 
1799,0.07,10.98 
1800,0.06,5.47 
1801,0.08,8.45 
1802,0.12,5.60 
1803,0.04,7.21 
1804,0.10,5.76 
1805,0.02,7.53 
1806,0.08,5.07 
1807,0.05,5.84 
1808,0.06,5.86 
1809,0.04,7.39 
1810,0.05,5.91 
1811,0.09,5.51 
1812,0.02,5.64 
1813,0.06,6.54 
1814,0.12,5.71 
1815,0.11,9.13 
1816,0.08,5.08 
1817,0.08,6.26 
1818,0.05,4.92 
1819,0.04,6.91 
1820,0.05,5.12 
1821,0.06,5.11 
1822,0.08,7.42 
1823,0.06,8.03 
1824,0.05,5.31 
1825,0.05,6.28 
1826,0.06,5.28 
1827,0.03,10.74 
1828,0.05,6.12 
1829,0.04,7.26 
1830,0.13,3.43 
1831,0.07,7.04 
1832,0.09,4.29 
1833,0.02,5.99 
1834,0.08,5.89 
1835,0.09,7.25 
1836,0.05,7.66 
1837,0.06,5.83 
1838,0.07,6.50 
1839,0.03,6.92 
1840,0.12,6.22 
1841,0.10,4.42 
1842,0.11,5.78 
1843,0.08,7.64 
1844,0.06,5.49 
1845,0.05,8.53 
1846,0.04,9.21 
1847,0.03,7.65 
1848,0.04,7.14 
1849,0.09,5.51 
1850,0.08,7.30 
1851,0.04,5.51 
1852,0.05,7.97 
1853,0.03,8.54 
1854,0.06,7.67 
1855,0.07,5.14 
1856,0.06,6.01 
1857,0.05,5.41 
1858,0.06,7.10 
1859,0.05,7.41 
1860,0.04,6.06 
1861,0.05,7.80 
1862,0.09,5.88 
1863,0.02,10.53 
1864,0.27,2.00 
1865,0.09,9.71 
1866,0.07,6.20 
1867,0.02,10.76 
1868,0.14,4.37 
1869,0.07,5.93 
1870,0.13,5.03 
1871,0.08,6.01 
1872,0.09,8.70 
1873,0.02,5.03 
1874,0.03,4.62 
1875,0.08,5.94 
1876,0.06,7.58 
1877,0.04,6.42 
1878,0.02,7.31 
1879,0.18,4.38 
1880,0.09,6.25 
1881,0.05,7.07 
1882,0.03,7.13 
1883,0.05,5.34 
1884,0.09,6.93 
1885,0.04,9.48 
1886,0.05,6.70 
1887,0.07,7.77 
1888,0.11,7.40 
1889,0.04,9.39 
1890,0.08,4.47 
1891,0.05,6.49 
1892,0.05,5.14 
1893,0.05,8.12 
1894,0.06,9.97 
1895,0.05,7.45 
1896,0.00,13.17 
1897,0.06,5.60 
1898,0.06,5.59 
1899,0.05,6.10 
1900,0.06,7.98 
1901,0.03,11.52 
1902,0.07,3.94 
1903,0.06,4.81 
1904,0.05,6.87 
1905,0.04,7.40 
1906,0.08,7.55 
1907,0.06,5.62 
1908,0.08,7.18 
1909,0.04,6.75 
1910,0.09,5.35 
1911,0.01,11.50 
1912,0.08,4.68 
1913,0.03,6.66 
1914,0.11,10.83 
1915,0.05,5.21 
1916,0.05,8.25 
1917,0.08,6.39 
1918,0.14,7.78 
1919,0.10,8.69 
1920,0.03,7.24 
1921,0.04,7.07 
1922,0.10,7.98 
1923,0.04,5.03 
1924,0.06,6.33 
1925,0.03,8.34 
1926,0.03,6.26 
1927,0.07,9.06 
1928,0.08,8.13 
1929,0.03,5.33 
1930,0.08,6.15 
1931,0.06,6.16 
1932,0.06,4.34 
1933,0.03,6.72 
1934,0.09,6.31 
1935,0.03,6.05 
1936,0.10,8.59 
1937,0.06,7.44 
1938,0.05,8.72 
1939,0.06,7.44 
1940,0.07,6.89 
1941,0.06,5.49 
1942,0.07,10.04 
1943,0.04,7.38 
1944,0.13,8.19 
1945,0.04,4.49 
1946,0.05,8.51 
1947,0.02,7.91 
1948,0.02,8.34 
1949,0.22,2.73 
1950,0.08,8.30 
1951,0.11,3.90 
1952,0.08,6.04 
1953,0.03,9.42 
1954,0.07,7.94 
1955,0.06,7.91 
1956,0.08,6.84 
1957,0.05,4.44 
1958,0.10,5.31 
1959,0.04,7.38 
1960,0.14,3.47 
1961,0.10,7.07 
1962,0.12,3.29 
1963,0.04,6.48 
1964,0.05,6.84 
1965,0.01,7.46 
1966,0.05,4.36 
1967,0.11,8.38 
1968,0.09,9.23 
1969,0.04,8.68 
1970,0.02,9.43 
1971,0.04,5.47 
1972,0.04,5.37 
1973,0.09,10.71 
1974,0.04,8.65 
1975,0.04,6.78 
1976,0.07,5.45 
1977,0.11,9.21 
1978,0.04,7.20 
1979,0.06,6.41 
1980,0.08,5.71 
1981,0.05,8.14 
1982,0.03,7.90 
1983,0.03,7.84 
1984,0.05,7.10 
1985,0.03,8.98 
1986,0.04,5.62 
1987,0.04,6.96 
1988,0.03,5.37 
1989,0.04,8.51 
1990,0.08,5.79 
1991,0.07,4.17 
1992,0.02,6.61 
1993,0.02,7.86 
1994,0.12,4.70 
1995,0.06,5.44 
1996,0.06,6.58 
1997,0.11,8.53 
1998,0.04,5.73 
1999,0.06,7.77 
